title,location,rent,description,date_posted,category,url,date_crawled
৮৫০ বর্গফুট এর ফ্লাট @ মগবাজার,"Dhaka, Maghbazar","Tk.6,000.00","০১৮৪২৪১২০৮৯
১. হস্তান্তর জুন ২০১৮ ইং 
২. ৮ম তলায়
ঠিকানা:১০/আই/ ১, মিরবাগ নতুন রাস্তা, মিরবাগ মোড়, মগবাজার,ঢাকা।
বেড:২
বাথ:২
ফ্ল্যাটের আয়তন:৮...","Jan 22, 2018",Flats For Sale,http://dhakaflats.com/details.php?id=1&search_id=16091,2023-04-07
1500 sft flat @ Uttara 11,"Dhaka, Uttara","Tk.6,000.00",3 bed 3 bath lift generator and 1 garage near Milestone school @ uttara 11,8 hours  ago,Flats For Sale,http://dhakaflats.com/details.php?id=16&search_id=16091,2023-04-07
3 bed + 3 bath + 1 family space + 2 balconies rent in New D.O.H.S,"Dhaka, MohakhaliDOHS","Tk.60,000.00","The apartment is in the heart of New D.O.H.S, Mohakhali, Dhaka just infront of an easily accessible community park and a short walking distance fro...",2 days  ago,Flats for Rent,http://dhakaflats.com/details.php?id=5&search_id=16091,2023-04-07
Mr,"Dhaka, Dhanmondi","Tk.25,000.00",I am Mohamed ibrahim from india and working in reputed shipping company and am looking for flat for rent in dhanmondi since my office is in Bangla ...,3 days  ago,Flats for Rent,http://dhakaflats.com/details.php?id=35&search_id=16091,2023-04-07
Flat ready to Construction by land owner,"Dhaka, Mirpur","Tk.4,500,000.00","1050 sqf. flat ready to construction @ mirpur-6, by Land Owner.
# 1st floor
# south facing
# Gas, DESCO,WASA connection
Details: 01678392035",3 days  ago,Flats For Sale,http://dhakaflats.com/details.php?id=3&search_id=16091,2023-04-07
Flat rent for short term and long term,Dhaka,"Tk.87,000.00","3 bed room 4 bath  drawing leaving area servant room,3rd floor 1 car
parking,washing machine dryer, full power backup,tv cable, wifi.
sqft 2700
...",4 days  ago,Flats for Rent,http://dhakaflats.com/details.php?id=34&search_id=16091,2023-04-07
Uttara-12 3Bed/ 3 Bath 1560 Sqft for sale,"Dhaka, Uttara","Tk.6,000.00","For interested buyer only. 
Build by BDDL on 2009. Attractive location with south facing 100 ft Sonargaon Janapath Road Uttara.
3 spacious bed, 3 b...","Mar 31, 2023",Flats For Sale,http://dhakaflats.com/details.php?id=146&search_id=16091,2023-04-07
sayed vila,"Dhaka, Malibag","Tk.4,500.00",situated in malibag . will be ready within 6 months,"Mar 30, 2023",Flats For Sale,http://dhakaflats.com/details.php?id=150&search_id=16091,2023-04-07
flat for sale in dhanmondi,"Dhaka, Dhanmondi",Tk.62.00,"#ফ্ল্যাট_বিক্রয় #ফ্ল্যাট_বিক্রয়
#ঠিকানাঃ ফ্ল্যাট নং--৩বি, বাসা নং--১৪৩, রোড নং--১৯(পুরাতন), পশ্চিম ধানমন্ডি(মধুবাজার), ঢাকা ১২০৯।
যোগাযোগ--০১৭১২৪১৫...","Mar 30, 2023",Flats For Sale,http://dhakaflats.com/details.php?id=149&search_id=16091,2023-04-07
700 sft Ready Flat for sale at #Mohammadpur,"Dhaka, Mohammadpur","Tk.4,600,000.00","• 3rd Floor, 700 Sq Ft
• 2 Bedrooms
• 1 Baranda
• 2 Toilets
• Kitchen
• Drawing+Daining
• Gas+Water+Electricity
• No lift

Registration completed
M...","Mar 27, 2023",Flats For Sale,http://dhakaflats.com/details.php?id=380&search_id=16091,2023-04-07
Apartment Rent for Office in Uttara,"Dhaka, Uttara","Tk.55,000.00","Developer: ABC Real Estates Ltd. Building Name: ABC Northridge Location: Plot # 51, Road # 15, Sector # 3, Uttara, Dhaka. Flat Size: 1520 sft. Flat...","Mar 27, 2023",Flats for Rent,http://dhakaflats.com/details.php?id=145&search_id=16091,2023-04-07
"Two 1250 sqft, 3 Bed Apartments for Sale at Aftab Nagar","Dhaka, Rampura","Tk.7,500,000.00",Everyone wants a dream home. Take a look at this nearly finished apartment and we promise you will be satisfied with your new home. This apartment ...,"Mar 21, 2023",Flats For Sale,http://dhakaflats.com/details.php?id=378&search_id=16091,2023-04-07
33 Katha Residential Plot for Sale @ Boro Maghbazar,"Dhaka, Maghbazar","Tk.495,000,000.00","Exclusive 33 Kathas Plot at Boro Maghbazar near Red Cresent Head Office is available for Sale.

UNDISPUTED land. ONE owner. 

Per Katha price =...","Mar 21, 2023",Flats For Sale,http://dhakaflats.com/details.php?id=143&search_id=16091,2023-04-07
"NEW 3000 Sqft. 4 Bedroom, 5 Bathroom Luxurious Apartment by Navana for Sale - Sobanbhag, Dhanmondi","Dhaka, Dhanmondi","Tk.13,000.00","NEWLY handed over by Navana Real Estate, Luxury 3000sqft flat with open partial rooftop for Sale. Plenty of Light and Air.

Address: Navana Newbu...","Mar 21, 2023",Flats For Sale,http://dhakaflats.com/details.php?id=142&search_id=16091,2023-04-07
New Flat Sale @ West Dhanmondi,Dhaka,"Tk.6,500.00","New Flat sale @ West Dhanmondi, 1226 sft. 3 bed, 2 attached bath, 1 guest bath, separate leaving room, 2 varanda and 1 garage. Full time guards, li...","Mar 18, 2023",Flats For Sale,http://dhakaflats.com/details.php?id=285&search_id=16091,2023-04-07
None,"Dhaka, Mohammadpur","Tk.3,600,000.00","Handover june, 2020
9 Storied building
7th floor
Flat area 990 sft
2 Bed, 2 Bath,2Veranda
Kitchen, Drawing, Dinning
Address-House-18, Road-4,...","Mar 18, 2023",Flats For Sale,http://dhakaflats.com/details.php?id=274&search_id=16091,2023-04-07
Flat rent at Khilgao,"Dhaka, Khilgaon","Tk.14,000.00","To-Let:

Address: J.K. Lodge, 4th Floor, 72/1, South Khilgaon, Dhaka. 
Details: 3 rooms + 1 varanda + Dining + Kitchen + 2 bathrooms
Rent=Tk.14000 ...","Mar 13, 2023",Flats for Rent,http://dhakaflats.com/details.php?id=376&search_id=16091,2023-04-07
"URGENT FLAT SELL (PERSONALLY) AT ARAMBAG , MIRPUR , DHAKA.","Dhaka, Mirpur","Tk.3,900,000.00","710 'SFT apartment (flat) sell at Arambag Commercial area (Prime Location) Mirpur , Dhaka.
2nd Floor of 9 stored building. 80 feet road at the fron...","Mar 12, 2023",Flats For Sale,http://dhakaflats.com/details.php?id=141&search_id=16091,2023-04-07
1100sqft flat near Prime minister's office,"Dhaka, Tejgaon","Tk.4,000,000.00","30 years 4 storied old house. 4th floor west side facing south side open. 2 master beds, 1 guest room, drawing cum dining space, tiles kitchen and ...","Mar 07, 2023",Flats For Sale,http://dhakaflats.com/details.php?id=375&search_id=16091,2023-04-07
Flat,"Dhaka, UttarKhan","Tk.5,500,000.00","জরুরী ভিত্তিতে ঢাকার উত্তরখান মোল্লাবাড়ি পানির পাম্প এলাকায় ৬ তলা ভবন এর ৪র্থ তলা বিক্রি করা হবে। ২৪ ঘণ্টা বিদ্যুৎ, পানি ও লাইনের গ্যাসের সু- ব্যবস...","Mar 07, 2023",Flats For Sale,http://dhakaflats.com/details.php?id=284&search_id=16091,2023-04-07
1070 sft এর রেডি ফ্ল্যাট বিক্রি হবে।,"Dhaka, Uttara","Tk.3,500,000.00","উত্তরা 10 নম্বর সেক্টর ও ঢাকা-টাঙ্গাইল মহাসড়কের  সন্নিকটে সরাসরি জমি মালিক এর কাছ থেকে রেডি ফ্ল্যাট বিক্রয় হবে।
ফ্ল্যাটের আয়তনঃ 1070 sft ( কমন স্পে...","Mar 06, 2023",Flats For Sale,http://dhakaflats.com/details.php?id=374&search_id=16091,2023-04-07
"8600 sft commercial space at WESTERN PANTHANIBASH, panthapath","Dhaka, Panthapath","Tk.11,700.00","WESTERN PANTHANIBASH
69/O,Bir Uttam Kazi Nuruzzaman Sarak, Panthapath,Kalabagan,Dhaka-1205

2nd floor building covering 8,600 sft, with six car par...","Mar 02, 2023",Flats For Sale,http://dhakaflats.com/details.php?id=373&search_id=16091,2023-04-07
Modern Flat in Scenic Mirpur DOHS,"Dhaka, MirpurDOHS","Tk.8,600.00","Three Bed 2150 sq feet modern apartment in scenic and secured Mirpur DOHS with three balconies. Has Servant Living, extra servant bath. RFID Contro...","Feb 26, 2023",Flats For Sale,http://dhakaflats.com/details.php?id=372&search_id=16091,2023-04-07
Flat  for sale near Hatirjheel,"Dhaka, Maghbazar","Tk.4,700,000.00","Apartment for sale 875 sqft at Dilu Road, New Eskaton, Dhaka-1000
The apartment is 4 years old.
Flat is located at 7th stories of the 7-storied bui...","Feb 24, 2023",Flats For Sale,http://dhakaflats.com/details.php?id=279&search_id=16091,2023-04-07
"Flat Rent for Family from April, 2020","Dhaka, Farmgate","Tk.20,000.00","950 sft flat with 2 bed, 2 bath, 2 varanda, separate drawing-dining @ Monipuripara 6 No. gate (Near Farmgate and opposite to Tejgaon Thana). Job ho...","Feb 16, 2023",Flats for Rent,http://dhakaflats.com/details.php?id=277&search_id=16091,2023-04-07
Investor urgently looking for positive investment opportunituy,"Dhaka, Choukbazar",Tk.150.00,"Hello,
I am a valuable Individual who is willingly  and looking to invest  in a lucrative business New or Running Business in cambodia , tanzania ...","Feb 16, 2023",Agents & Services,http://dhakaflats.com/details.php?id=370&search_id=16091,2023-04-07
Investor urgently looking for positive investment opportunity,"Outside Dhaka, Chittagong","Tk.3,000.00",I am an investor urgently looking for positive investment opportunities and business investments and partnerships with positive profit margin in ne...,"Feb 16, 2023",Flats For Sale,http://dhakaflats.com/details.php?id=371&search_id=16091,2023-04-07
New Flat Sale @West Dhanmondi,"Dhaka, Zigatola","Tk.7,000.00","New Flat sale @ West Dhanmondi, 1226 sft. 3 bed, 2 attached bath, 1 guest bath, separate leaving room, 2 varanda and 1 garage. Full time guards, li...","Feb 16, 2023",Flats For Sale,http://dhakaflats.com/details.php?id=275&search_id=16091,2023-04-07
"1200 Sft. Flat Rent, Matuail","Dhaka, Jatrabari","Tk.15,000.00","3 Bed, 2 Toilet, 1 Veranda, Drawing, Dinning, Kitchen, Electricity (Sub Station) Gas, Water, Lift, Security, Parking","Feb 08, 2023",Flats for Rent,http://dhakaflats.com/details.php?id=273&search_id=16091,2023-04-07
Room or Seat rent for female in Uttara,"Dhaka, Uttara","Tk.4,000.00",রুম সাবলেট (শুধুমাত্র মেয়ে বা মহিলা),"Feb 06, 2023",Sublets,http://dhakaflats.com/details.php?id=136&search_id=16091,2023-04-07
Exclusive Apartment For Rent Banani,"Dhaka, Banani","Tk.50,000.00","Apartment : 1800sft Beautiful Apartment For Rent Banani
3 Bedroom,   4 Bathroom  , Drawing  &  Dining,  Ikitchen   Cabinet,  Servant Bed & Bath,  3...","Feb 01, 2023",Flats for Rent,http://dhakaflats.com/details.php?id=272&search_id=16091,2023-04-07
Beautiful Open Office Space For Rent Banani,"Dhaka, Banani","Tk.120,000.00","Apartment : 2200sft Beautiful Full Open Office Space For Rent Banani
3 Bathroom    Ikitchen   Cabinet,   3 Balcony,  1 Car parking,   Premium Lift,...","Feb 01, 2023",Flats for Rent,http://dhakaflats.com/details.php?id=271&search_id=16091,2023-04-07
1850 sqft Ready flats in Bashundhara for sale ASAP. Price is Negotiable,"Dhaka, Basundhara","Tk.13,000,000.00","Hi there,


I have four flats in one building that I am looking to sell.


Each flat has:


    4 bedrooms
    3 bathrooms + 1 bathroom s...","Jan 26, 2023",Flats For Sale,http://dhakaflats.com/details.php?id=134&search_id=16091,2023-04-07
100% FAST SSD Chemicals Solution And Activcation Powder  To Cean All Notes WHATSSAP….+35796329543,"Dhaka, Baridhara","Tk.2,000.00","100% FAST SSD Chemicals Solution And Activation Powder  To Cean All Notes WHATSSAP….+35796329543 
ORIGINAL SSD automatic chemical solution for cle...","Jan 26, 2023",Flats For Sale,http://dhakaflats.com/details.php?id=408&search_id=16091,2023-04-07
Uttara Sector 4 - 1580 ft Corner Apt. For rent,"Dhaka, Uttara","Tk.36,000.00","Rangs Naharz
Luxurious New Apartment of 1580sq ft
Corner plot with 100 ft road (Shahjalal Avenue) in front and 40 ft on other side
2 lifts + genera...","Jan 24, 2023",Flats for Rent,http://dhakaflats.com/details.php?id=268&search_id=16091,2023-04-07
"Beautiful, bright flat for rent in Gulshan-1","Dhaka, Gulshan","Tk.55,000.00","ঢাকার অভিজাত এলাকা গুলশান-১এর পরিচ্ছন্ন ও নিরিবিলি অংশে অবস্থিত আধুনিক, প্রায় নতুন এপার্টমেন্ট কমপ্লেক্স-এর অন্তর্গত এই ফ্ল্যাটটি সাশ্রয়ী মূল্যে ভা...","Jan 24, 2023",Flats for Rent,http://dhakaflats.com/details.php?id=269&search_id=16091,2023-04-07
মধ্যবাড্ডা প্রগতি সরণি মেইন রোডে অত্যাধুনিক ফ্যামিলি ফ্ল্যাট ভাড়া হবে,"Dhaka, Badda","Tk.27,000.00",ঢাকা উত্তর সিটি কর্পোরেশনের প্রাণকেন্দ্র গুলশান বারিধারা নতুন বাজার ডিপলোমেটিক এলাকা থেকে অদূরবর্তী প্রাইম লোকেশন মধ্যবাড্ডায় প্রগতি সরণি মেইন রোডে...,"Jan 22, 2023",Flats for Rent,http://dhakaflats.com/details.php?id=133&search_id=16091,2023-04-07
4th floor,"Dhaka, Mohammadpur","Tk.20,000.00","750 sq.ft.
2 bed rooms, 2 toilets, 2 varendas, drawing and dinning space.","Jan 21, 2023",Flats for Rent,http://dhakaflats.com/details.php?id=132&search_id=16091,2023-04-07
"947 sft Flat at 14 Chamelibagh, Shantinagar.","Dhaka, Shantinagar","Tk.6,250,000.00","Flat Developer Name: Paradise Development & Constructions Ltd.
House Name: Latif Paradise
Location: 14 Chamelibagh, Shantinagar 
3 Years USED Fl...","Jan 21, 2023",Flats For Sale,http://dhakaflats.com/details.php?id=131&search_id=16091,2023-04-07
"Buy Romanian passport ,Driver License And id cards Online EMAIL US AT : robej134@gmail.com","Dhaka, MohakhaliDOHS",,"We produce real USA, UK, Germany, Australian, EU documents, data-base registered novelty passports, Driver’s License, ID Cards, IELTS/TOEFL Certifi...","Jan 20, 2023",Agents & Services,http://dhakaflats.com/details.php?id=367&search_id=16091,2023-04-07
Buy Driver's License And Passport Online EMAIL US AT : robej134@gmail.com,"Dhaka, Basundhara",,"We produce real USA, UK, Germany, Australian, EU documents, data-base registered novelty passports, Driver’s License, ID Cards, IELTS/TOEFL Certifi...","Jan 20, 2023",Flats For Sale,http://dhakaflats.com/details.php?id=364&search_id=16091,2023-04-07
"Buy Romanian passport ,Driver License And id cards Online EMAIL US AT : robej134@gmail.com","Outside Dhaka, Chapainawabganj",,"We produce real USA, UK, Germany, Australian, EU documents, data-base registered novelty passports, Driver’s License, ID Cards, IELTS/TOEFL Certifi...","Jan 20, 2023",Sublets,http://dhakaflats.com/details.php?id=365&search_id=16091,2023-04-07
Used flat for sale,"Dhaka, Uttara","Tk.5,800,000.00","1275 sqft 3 bed, bath,drawing dinning,2 balcony south facing flat.price negotiable and call 01994585481 number.name alam","Jan 18, 2023",Flats For Sale,http://dhakaflats.com/details.php?id=129&search_id=16091,2023-04-07
Used flat for sale,"Dhaka, Uttara","Tk.5,800,000.00","1275 sqft 3 bed, bath,drawing dinning,2 balcony south facing flat.price negotiable and call this 01994585481 this number.name alam","Jan 18, 2023",Flats For Sale,http://dhakaflats.com/details.php?id=130&search_id=16091,2023-04-07
Only for family,"Dhaka, Uttara","Tk.35,000.00","TO-LET
ONLY FOR FAMILY
1700 SFT(4 BED ROOM,4 TOILET,EXTRA LARGE VARANDA,INTERIOR DESIGN)
CONTACT- 01711928022
PLOT-24,ROAD-04,SECTOR-09,UTTARA ...","Jan 17, 2023",Flats for Rent,http://dhakaflats.com/details.php?id=128&search_id=16091,2023-04-07
"Tolet Uttara Sector10 (Kamarpara , Ranavola Road) 3 Bed ,3 Balcony 3 Toilet ( watch video in bell...",,"Tk.19,000.00","2 Bed + 1 Guest Room (attached balcony each room)
1 drawing & 1dining space
3 Toilet
1 Large Kitchen
3 balcony
Electricity
Water
Contact 0181915900...","Jan 15, 2023",Flats for Rent,http://dhakaflats.com/details.php?id=362&search_id=16091,2023-04-07
Newly Build Sale A FLAT HOUSE,"Dhaka, Badda","Tk.7,800,000.00","Beautiful Location and Newly Build Sale A FLAT HOUSE - At Merul badda Hatir Jheel near Brac University
Including every Facility
Description
(3 bed,...","Jan 12, 2023",Flats For Sale,http://dhakaflats.com/details.php?id=265&search_id=16091,2023-04-07
Small Family House,"Dhaka, Uttara","Tk.13,000.00","Ground Floor(South-West Side)
2 Bed
1 Bathroom
1 Kitchen
1 Balcony with one master bed
Drawing room with Dining space
House Rent: 11,000/-
Service ...","Jan 09, 2023",Flats for Rent,http://dhakaflats.com/details.php?id=359&search_id=16091,2023-04-07
Flat for Rent at Prime Location,"Dhaka, Banani","Tk.50,000.00",Flat for Rent at Prime Location in Banani right next to Kemal Ataturk Avenue. It's a 1650 sqft spacious East facing apartment with ample room for l...,"Jan 08, 2023",Flats for Rent,http://dhakaflats.com/details.php?id=264&search_id=16091,2023-04-07
Exclusive 3 Bed semi furnished apartment,"Dhaka, Mohammadpur","Tk.22,000.00","Exclusive 3 Bed semi furnished apartment
3 Bed, 2 bath, 2 Veranda, 1 Car Parking, Gas, electricity, water (24 hour) Lift, Available from 01-01-2019...","Jan 03, 2023",Flats for Rent,http://dhakaflats.com/details.php?id=127&search_id=16091,2023-04-07
"2100sft 4Bed GYM, Swimmingpul,Community Hall,Roof Top garden Bashundhara","Dhaka, Basundhara","Tk.8,500.00","Bashundhara
2100sft 4Bed GYM, Swimmingpul,Community Hall,Roof Top garden Bashundhara
4Bed,4Bath,S.Bed, Sbath, Living, Dining, Kitchen, Veranda, C...","Dec 31, 2022",Flats For Sale,http://dhakaflats.com/details.php?id=356&search_id=16091,2023-04-07
Flat share selll,"Dhaka, Kazipara","Tk.2,250,000.00","I sell a flat share in Kazipara, Mirpur on going project. 1150 sq. Ft.","Dec 22, 2022",Flats For Sale,http://dhakaflats.com/details.php?id=258&search_id=16091,2023-04-07
1400+ Sqft Flat for Rent (Near Farmgate),"Dhaka, Tejgaon","Tk.28,000.00","New construction Building, Car parking and Lift Facilities.

Address: 195/7, Tejkunipara, Tejgaon, Dhaka.","Dec 20, 2022",Flats for Rent,http://dhakaflats.com/details.php?id=126&search_id=16091,2023-04-07
সুলভ মূল্যে ১১০০ স্কোয়ার ফিট ফ্লাট বিক্রয়,"Dhaka, Mirpur","Tk.5,500,000.00","মিরপুর ১ এ মেইন  রোড সংলগ্ন একটা রেডি ফ্লাট বিক্রয় করা হবে। ৮ম তালা ১১০০ স্কোয়ারফিট এর এই ফ্লাট এ যা যা থাকছে :

১.৩টি বড় বেড রুম 
২. ২ টি বাথরুম 
...","Dec 18, 2022",Flats For Sale,http://dhakaflats.com/details.php?id=123&search_id=16091,2023-04-07
জব হোল্ডার ফ্ল্যাট ১ জানুয়ারি,"Dhaka, Mirpur","Tk.7,000.00","¥¥¥ একজন স্মার্ট চাকুরীজীবি যিনি নিরিবিলি থাকতে পছন্দ করেন তাদের জন্য সুন্দর একটি ফ্ল্যাট।

( সরকারি চাকুরী করেন যে কোনো পদে তাদের প্রাধান্য বেশী...","Dec 15, 2022",Flats for Rent,http://dhakaflats.com/details.php?id=121&search_id=16091,2023-04-07
Ready flat uttara,Dhaka,"Tk.7,500,000.00","Totally ready flat along with garage,gass,water,electricity and security service.The flat has designed personally with qualityful products.","Dec 14, 2022",Flats For Sale,http://dhakaflats.com/details.php?id=354&search_id=16091,2023-04-07
Astha Female Hostel,"Dhaka, Uttara","Tk.3,000.00","আস্থা ফিমেল হোস্টেল
রুম/সিট ভাড়া
ছাত্রী/কর্মজীবি মহিলা

পার সিট ৩,০০০/৩,৫০০৳
রুম পার মান্থ ৬,০০০/১০,০০০ ৳
এক/দুই মাসের ভাড়া সিকিউরিটি এবং রেজিস্ট্র...","Dec 13, 2022",Flats for Rent,http://dhakaflats.com/details.php?id=257&search_id=16091,2023-04-07
Furnished Flat For Rent,"Dhaka, MirpurDOHS",Tk.0.50,Rent Negotiable,"Dec 12, 2022",Flats for Rent,http://dhakaflats.com/details.php?id=256&search_id=16091,2023-04-07
1000sft Ready Flat at Mohammadpur,"Dhaka, Mohammadpur","Tk.3,800.00","8 Storied Building (G+7)
South Facing
2 Unit Each Floor
Flat Size: 1000 sft Each
Type:A & B
3 Bed, 2 Bath, 2 Veranda, Drawing, Dining & Kitchen

Fa...","Dec 05, 2022",Flats For Sale,http://dhakaflats.com/details.php?id=250&search_id=16091,2023-04-07
1600 sft used flat at Uttar Badda,"Dhaka, Badda","Tk.5,000.00","1600 sft
3 Bed, 4 Bath, family living, dining & drawing.
8 storied builindg. total 14 no of flat. 
Flat in 7th floor
South facing
30"" feet road 
4 ...","Dec 05, 2022",Flats For Sale,http://dhakaflats.com/details.php?id=120&search_id=16091,2023-04-07
Ruposhi Garden Flats,"Dhaka, Other Locations","Tk.2,200,000.00",First you have to pay 7lakhs to become the owner of the land then you have to pay the remaining amount in kisti by monthly or yearly please contact...,"Dec 04, 2022",Flats For Sale,http://dhakaflats.com/details.php?id=119&search_id=16091,2023-04-07
"Flat rent at Prominent Housing, Shekertak Rd 3, Adabor (service charge+gas included in house rent)","Dhaka, Mohammadpur","Tk.15,000.00","• 5/10 Prominent House Ltd. 3 PC culture road, shakertek, Mohammadpur. 2 bedrooms, 2 attached toilets. Drawing/dinning. Kitchen, Balcony, Daytime h...","Dec 03, 2022",Flats for Rent,http://dhakaflats.com/details.php?id=249&search_id=16091,2023-04-07
Sublet For Female in Uttara,"Dhaka, Uttara","Tk.4,000.00","রুম ভাড়া
ছাত্রী/কর্মজীবি মহিলা

পার ডে ৫০০/-৳
পার সিট ৪,০০০/-৳
রুম পার মান্থ ৮,০০০/- ৳
এক মাসের ভাড়া সিকিউরিটি এবং রেজিস্ট্রেশন ফি ১০০০/-
পাঁচ তালা...","Nov 26, 2022",Sublets,http://dhakaflats.com/details.php?id=248&search_id=16091,2023-04-07
"Ready Flat Sale, Mirpur-10","Dhaka, Mirpur","Tk.5,500.00","মিরপুর-১০ এ ফ্ল্যাট বিক্রয়
১১৫০ স্কয়ারফিট এবং ৯৩০ স্কয়ারফিটের বিক্রয়ের জন্য আমাদের দুটি নতুন ফ্ল্যাট রয়েছে। কেউ চাইলে দুটি ফ্ল্যাট একত্রে বড় করেও ক...","Nov 25, 2022",Flats For Sale,http://dhakaflats.com/details.php?id=353&search_id=16091,2023-04-07
"মালিকানা ফ্ল্যাট মিরপুর-১৩,ঢাকা–১২১৬","Dhaka, Mirpur","Tk.2,600,000.00",মালিকানা ফ্ল্যাট বিক্রি হবে। ২০২০ সালের ফেব্রুয়ারি থেকে কাজ শুরু হবে। ৬৫০sqft (৫ম তলা) পিছনের দিকে।,"Nov 23, 2022",Flats For Sale,http://dhakaflats.com/details.php?id=247&search_id=16091,2023-04-07
URGENT Flat for SALE,"Dhaka, DakhinKhan","Tk.3,300.00",There are 2 Flats(1150 & 1100 Sqft ) for SALE.Both the flats are located in the 1st Floor of a 9 storied building and currently are under construct...,"Nov 17, 2022",Flats For Sale,http://dhakaflats.com/details.php?id=241&search_id=16091,2023-04-07
ব্যবহ্নত ডেকেরেটেড ফ্লাট বিক্রয়,"Dhaka, Mohammadpur","Tk.6,000,000.00","3/3/11-chad housing bashbari mohammadpur dhaka --
3bed seperate drawing & Dining 2 varanda 2 bath room","Nov 17, 2022",Flats For Sale,http://dhakaflats.com/details.php?id=240&search_id=16091,2023-04-07
"স্বল্প মুল্যে ছোট ফ্ল্যাট বিক্রয় (গণকটুলি লেন, আজিমপুর, ঢাকা )","Dhaka, Azimpur","Tk.1,800,000.00","আজিমপুরস্থ, গণকটুলি লেনে অবস্থিত ৬৬৫ স্কয়ার ফিটের একটি ছোট ফ্ল্যাট স্বল্প মূল্যে বিক্রি হবে। ফ্ল্যাটটির ফ্লোর এবং বাথরুম টাইলস করা। একটি বড় রুম ও আ...","Nov 17, 2022",Flats For Sale,http://dhakaflats.com/details.php?id=233&search_id=16091,2023-04-07
Office / Flat for rent at Mirpur DOHS main road,"Dhaka, MirpurDOHS","Tk.37,000.00","A newly constructed with quality foreign and luxurious materials, bright single unit, south facing 2200 Sqft, 6th floor apartment at Mirpur DOHS ma...","Nov 11, 2022",Flats for Rent,http://dhakaflats.com/details.php?id=349&search_id=16091,2023-04-07
Rupayan Lake Castle.,"Dhaka, Basundhara","Tk.11,800.00","At Bashundhara, Rupayan Lake Castle is almost ready to move property 
where you just come with your backpack and start living a premium lifestyle ...","Nov 08, 2022",Flats For Sale,http://dhakaflats.com/details.php?id=406&search_id=16091,2023-04-07
1585 SqFt Flat Rent in Uttara Sector 6 near House building bus stop,"Dhaka, Uttara","Tk.28,000.00","4th Floor in a Six stored building. Apartment size is 1585 Sqft, 3 Bedroom, 2 balcony, 4 Toilets including a Servant toilet, Drawing cum Dinning ro...","Nov 06, 2022",Flats for Rent,http://dhakaflats.com/details.php?id=404&search_id=16091,2023-04-07
"Flat tolet in Niketan, Gulshan","Dhaka, Gulistan","Tk.35,000.00","A well-structured & spacious flat is for rent in Niketan, Gulshan. This 4th floor 1520 sft flat has all modern amenities. It has 3 bed, 4 bath, 3 V...","Nov 02, 2022",Flats for Rent,http://dhakaflats.com/details.php?id=347&search_id=16091,2023-04-07
"Buy High quality Real Registered Passports, drivers licenses, ID cards, IELTS, birth certificates...","Dhaka, Choukbazar","Tk.1,000.00","Buy High quality Real Registered Passports, drivers licenses, ID cards, IELTS, birth certificates, school diplomas, Visas, Social security card, SS...","Oct 25, 2022",Flats For Sale,http://dhakaflats.com/details.php?id=403&search_id=16091,2023-04-07
Flat For Sell at Shantinagar Dhaka,"Dhaka, Shantinagar","Tk.8,500.00",Luxurious flat for sell at Shantinagar. Prime located heart of the city beside Eastern Plus Market. Very spacious apartment constructed by Sky View...,"Oct 25, 2022",Flats For Sale,http://dhakaflats.com/details.php?id=235&search_id=16091,2023-04-07
FLAT TO LET,"Dhaka, Mirpur","Tk.12,000.00","2 bed, 2 bath drawing-dinning, kitchen & balcony (Family living-job holder only)

Fully tiles firings and a sooth corner at 4th floor of 6 storie...","Oct 24, 2022",Flats for Rent,http://dhakaflats.com/details.php?id=346&search_id=16091,2023-04-07
Large four bedroom flat to let in DOHS Banani,"Dhaka, BananiDOHS","Tk.110,000.00","A 3500 sq ft flat will be let on the ground floor in the highly sought after location in Banani (Old ) DOHS. 

Only total 6 flats in the building...","Oct 20, 2022",Flats for Rent,http://dhakaflats.com/details.php?id=340&search_id=16091,2023-04-07
Family basai Sublet vara dia hobe,"Dhaka, Badda","Tk.6,000.00",Attached bathroom balcony,"Oct 20, 2022",Sublets,http://dhakaflats.com/details.php?id=234&search_id=16091,2023-04-07
"Buy Passport , Driver’s License,ID Cards ,Visas , USA Green Card , Fake Money , Banks notes , SSN...",,,"Buy Passport , Driver’s License,ID Cards ,Visas , USA Green Card , Fake Money , Banks notes , SSN and many more..

BUY 100% QUALITY COUNTERFEIT M...","Oct 06, 2022",Agents & Services,http://dhakaflats.com/details.php?id=228&search_id=16091,2023-04-07
Flat for rent in Bashundhara B- Block,Dhaka,"Tk.30,000.00","Size: 1450 sqft

-1st Floor

-3bed,3 Bath,3 Balcony, Drawing, Dining, Kitchen and 1 servant bath 

-24/7 lift and generator

-Uninterrupted gas and...","Oct 03, 2022",Flats for Rent,http://dhakaflats.com/details.php?id=339&search_id=16091,2023-04-07
"1585 sqft Apartment in Pallabi, Urgent sale","Dhaka, Pallabi","Tk.8,250,000.00","1585 sqft used flat in attractive location near Apple Tree International School will be sold in reasonable price urgently . 
A good amount of Schoo...","Sep 27, 2022",Flats For Sale,http://dhakaflats.com/details.php?id=220&search_id=16091,2023-04-07
FEMALE SUBLATE,"Dhaka, Maghbazar","Tk.6,000.00",we want a female room mate,"Sep 26, 2022",Flats for Rent,http://dhakaflats.com/details.php?id=219&search_id=16091,2023-04-07
Rent Flat Shewrapara,"Dhaka, Mirpur","Tk.16,500.00","Shewrapara (near Metro Rail Station / Rokeya Shoroni walking 5 minute)

other near 60 feet/Paka mosque to walking 2 minute

* 3-bed, 3-bath, 3 ...","Sep 26, 2022",Flats for Rent,http://dhakaflats.com/details.php?id=218&search_id=16091,2023-04-07
Small (950 Sft) flat with parking facilities in prime location,"Dhaka, Dhanmondi","Tk.7,600,000.00","Location: Central Road, Dhanmondi, Dhaka (near hatirpool)
Size: 950 Sft Flat, 120 Sft Garage 
7,600/- per squre feet,  Total Price = 7600000/-( Fla...","Sep 20, 2022",Flats For Sale,http://dhakaflats.com/details.php?id=336&search_id=16091,2023-04-07
Nice Flat For Rent In Shyamoli,"Dhaka, Shyamoli","Tk.14,500.00","If you are looking for a good flat for rent in Shamoli, this will be a nice and affordable bed home located in Mohonpur, Shamoli. The home which ha...","Sep 15, 2022",Flats for Rent,http://dhakaflats.com/details.php?id=209&search_id=16091,2023-04-07
"Used (7 Years) Flat Sale ‘Prime Rose’, House # 4, Road # 1, Nobodoy R/A, Block#D, Mohammadpur","Dhaka, Mohammadpur","Tk.4,500.00","Used (Only 7 Years) Flat Sale ‘Prime Rose’, House # 4, Road # 1, Nobodoy R/A, Block#D, Mohammadpur

✔ Apt. size 1150 sft. including garage/car pa...","Sep 13, 2022",Flats For Sale,http://dhakaflats.com/details.php?id=208&search_id=16091,2023-04-07
সুলভে ফ্লাট বিক্রি,"Dhaka, Maghbazar","Tk.50,000.00","নিউ ইস্কাটন দিলু রোড মেইন রাস্তার ওপর ৮৫০ স্কয়ারফিটের (২বেড,২বাথ, ড্রয়িং-ডাইনিং,কিচেন) সম্পূর্ণ নতুন (সমাপ্তপ্রায়) একটি ফ্লাট জরুরী বিক্রি হবে।  সব...","Sep 10, 2022",Flats For Sale,http://dhakaflats.com/details.php?id=101&search_id=16091,2023-04-07
"চন্দ্রিমা মডেল টাউন, মোহাম্মদপুরে ১০০০ স্কয়ার ফিট এর ফ্ল্যাট আর্জেন্ট সেল","Dhaka, Mohammadpur","Tk.3,500,000.00","*১০০০ স্কয়ার ফিট। আর্জেন্ট সেল প্রয়োজন 
*লোকেশনঃ চন্দ্রিমা মডেল টাউন, মোহাম্মদপুর 
*উত্তর মুখি। বিল্ডিং ৭ তলা, ফ্লাটের অবস্থানও ৭ তলায়
*২ বেড, ২...","Sep 10, 2022",Flats For Sale,http://dhakaflats.com/details.php?id=207&search_id=16091,2023-04-07
Duplex Flat,Dhaka,"Tk.120,000.00","Description
The Duplex Flat is located in the amazing location infront of shopping mall at Mirpur DOHS is a must-see duplex flat for the property ...","Sep 09, 2022",Flats for Rent,http://dhakaflats.com/details.php?id=206&search_id=16091,2023-04-07
5 Storied (whole) building for Rent,"Outside Dhaka, Gazipur","Tk.600,000.00","A Whole Factory Building will be rented out to Interested parties.

Location: Dhaka Tangail Highway, Chandra Kaliakoir, Gazipur
Floor Space: 5000 s...","Sep 08, 2022",Flats for Rent,http://dhakaflats.com/details.php?id=334&search_id=16091,2023-04-07
আধুনিক ফ্ল্যাট/অফিস/মেস ভাড়া দেয়া হবে,"Dhaka, Savar","Tk.8,000.00","Mobile 01913508734

ঢাকা জেলার সাভার উপজেলার হেমায়েতপুরের খুব কাছে বলিয়ারপুরে আকর্ষণীয় ফ্ল্যাট ভাড়া দেয়া হবে। সম্পূর্ণ আধুনিক সুযোগ সুবিধা সহ মনোরম...","Sep 07, 2022",Flats for Rent,http://dhakaflats.com/details.php?id=201&search_id=16091,2023-04-07
2400SFT Lake View Flat for Rent,"Dhaka, Gulshan",,We looking for a foreigner tenant for our flat. Our flat is beside lake. From bed room and veranda tenant can enjoy the lake view. This flat includ...,"Sep 07, 2022",Flats for Rent,http://dhakaflats.com/details.php?id=194&search_id=16091,2023-04-07
Apartment in Gulshan 2 - 3950 Sqft,"Dhaka, Gulshan","Tk.75,000,000.00","A good location near the lake
- 4 Bedrooms
- 4 Bathrooms
- Servant's Bathroom Separate
Call for further information.","Sep 07, 2022",Flats For Sale,http://dhakaflats.com/details.php?id=200&search_id=16091,2023-04-07
Urgent Flat Sale. অ্যাপার্টমেন্ট বিক্রয়,"Dhaka, Badda","Tk.6,500,000.00","	টাইলস  ফিটিং আমদানিকৃত 
	মোট ১২৩০ বর্গ ফুট 
	অ্যাপার্টমেন্ট নিবন্ধিত 
	মিটার্ড বিদ্যুৎ, গ্যাস এবং পানি
	প্রতিটি রুমে আই. পি. এস সংযুক্ত
...","Sep 05, 2022",Flats For Sale,http://dhakaflats.com/details.php?id=100&search_id=16091,2023-04-07
almost ready flat at 4th flore,"Dhaka, Mirpur","Tk.5,200.00","full ready apartment sale near pallabi metrorail station, sare egaro bus stop, pallabi model school, apple tree school...
★south and north both sid...","Sep 04, 2022",Flats For Sale,http://dhakaflats.com/details.php?id=202&search_id=16091,2023-04-07
বসুন্ধরা ৩০০' রোড পার্ক সংলগ্ন ও সানিডেল স্কুলের কাছে ২২০০বগফুট  ৪ বেড,"Dhaka, Basundhara","Tk.8,000.00","ঢাকা বসুন্ধরা আবাসিক এলাকায় ৩০০' রোড পার্ক সংলগ্ন ও সানিডেল স্কুলের কাছে
রোড নং :-৫ & ৭ এর মাথায়, বাড়ি নং  : ৪ বি, সি, ডি,  ব্লক- জি,  ২২০০বগফুট  ...","Sep 01, 2022",Flats For Sale,http://dhakaflats.com/details.php?id=418&search_id=16091,2023-04-07
1800sft Beautiful Apartment For Rent Banani,"Dhaka, Banani","Tk.35,000.00","Apartment : 1800sft Beautiful Apartment For Rent Banani
3 Bedroom, 3Bathroom , Drawing & Dining, Ikitchen Cabinet, Servant& Bath, 3 Balcony, 1Car p...","Aug 28, 2022",Flats for Rent,http://dhakaflats.com/details.php?id=332&search_id=16091,2023-04-07
1800sft Beautiful Apartment For Rent Banani,"Dhaka, Banani","Tk.35,000.00","Apartment : 1800sft Beautiful Apartment For Rent Banani
3 Bedroom, 3Bathroom , Drawing & Dining, Ikitchen Cabinet, Servant& Bath, 3 Balcony, 1Car p...","Aug 28, 2022",Flats for Rent,http://dhakaflats.com/details.php?id=333&search_id=16091,2023-04-07
Apartment Sale In Hatirpool,"Dhaka, ElephantRoad","Tk.12,500,000.00","Used flat for sale in Hatirpool. 

It has 3 unit per floor. 

The flat located on the 11th Floor of a 15 storied building. 

South facing master be...","Aug 24, 2022",Flats For Sale,http://dhakaflats.com/details.php?id=199&search_id=16091,2023-04-07
Flat for rental at Banani,"Dhaka, Banani","Tk.50,000.00","Flat Size:1850 Square feet, 1 master bed with another 2 bedrooms, Drawing and Dining Space, Kitchen, 3 baths, Servant's room with attached Toilet, ...","Aug 21, 2022",Flats for Rent,http://dhakaflats.com/details.php?id=329&search_id=16091,2023-04-07
3300 sq ft Office/House space at Niketon,"Dhaka, Gulshan","Tk.90,000.00","3300 sq ft Office/Home space for rent at Niketon. With 4 bedrooms, 4 bathrooms, 2 balconies, living and dining room, common room, kitchen, store ro...","Aug 18, 2022",Flats for Rent,http://dhakaflats.com/details.php?id=98&search_id=16091,2023-04-07
Shop for Rent,"Dhaka, Keraniganj","Tk.9,000.00",100 to 200 sqft shop for rent (can be sold to proper party),"Aug 17, 2022",Agents & Services,http://dhakaflats.com/details.php?id=328&search_id=16091,2023-04-07
SEL NOOR-E-CASTLE (TO-LET),"Dhaka, Mirpur","Tk.18,000.00","TO-LET
SEL NOOR-E-CASTLE
JONAKI ROAD, AHMED NOGAR, MIRPUR-1
75/A/1, 75/A/5, 75/2

D - ৪র্থ, ৫ম (তালা)
    ৩টা বেডরুম, ৩টা বাথরুম, ২ টা বারান্...","Aug 17, 2022",Flats for Rent,http://dhakaflats.com/details.php?id=197&search_id=16091,2023-04-07
SEL NOOR-E-CASTLE,"Dhaka, Mirpur","Tk.5,400.00","SEL NOOR-E-CASTLE
JONAKI ROAD, AHMED NOGAR, MIRPUR-1
75/A/1, 75/A/5, 75/2
D - নবম তলা
    ৩টা বেডরুম, ৩টা বাথরুম, ২ টা বারান্দা, ড্রয়িং, ডাইনিং...","Aug 17, 2022",Flats For Sale,http://dhakaflats.com/details.php?id=196&search_id=16091,2023-04-07
1st Floor For Showroom,"Outside Dhaka, Rangpur","Tk.18,000.00","আর.কে রোড সংলগ্ন আকর্ষণীয় লোকেশনে বাণিজ্যিক স্পেস বিক্রয় হবে।
প্রকৃত ক্রেতারা অতিসত্বর যোগাযোগ করুন।
লোকেশনঃ ৫০/২, আইডিয়াল মোড়, আর.কে রোড, রংপুর
...","Aug 13, 2022",Flats For Sale,http://dhakaflats.com/details.php?id=95&search_id=16091,2023-04-07
2nd Floor Sell For Restaurant,"Outside Dhaka, Rangpur","Tk.16,000.00","আর.কে রোড সংলগ্ন আকর্ষণীয় লোকেশনে বাণিজ্যিক স্পেস বিক্রয় হবে।
প্রকৃত ক্রেতারা অতিসত্বর যোগাযোগ করুন।
লোকেশনঃ ৫০/২, আইডিয়াল মোড়, আর.কে রোড, রংপুর
...","Aug 13, 2022",Flats For Sale,http://dhakaflats.com/details.php?id=96&search_id=16091,2023-04-07
প্রাইম মেডিকেলের বিপরীতে জমি বিক্রয়,"Outside Dhaka, Rangpur","Tk.4,550,000.00","অবস্থানঃ টার্মিনালে প্রাইম মেডিকেলের কাছেই
১। জমির পরিমান ৭ শতক।
২। নিস্কন্টক ও নির্ভেজাল জমি।
৩। প্রাইম মেডিকেল হতে ১০০ গজ উত্তর দিকে।
৪। বদরগ...","Aug 13, 2022",Flats For Sale,http://dhakaflats.com/details.php?id=97&search_id=16091,2023-04-07
Ground Floor Shop Sell,"Outside Dhaka, Rangpur","Tk.15,000.00","মেডিকেল পূর্বগেট,কমিউনিটি মেডিকেল কলেজ এর সংলগ্ন আকর্ষণীয় লোকেশনে দোকান বিক্রয় হবে।
প্রকৃত ক্রেতারা অতিসত্বর যোগাযোগ করুন।
লোকেশনঃ বুড়িরহাট রোড,ম...","Aug 13, 2022",Flats For Sale,http://dhakaflats.com/details.php?id=91&search_id=16091,2023-04-07
1st Floor Shop Sell,"Outside Dhaka, Rangpur","Tk.14,000.00","মেডিকেল পূর্বগেট,কমিউনিটি মেডিকেল কলেজ এর সংলগ্ন আকর্ষণীয় লোকেশনে দোকান বিক্রয় হবে।
প্রকৃত ক্রেতারা অতিসত্বর যোগাযোগ করুন।
লোকেশনঃ বুড়িরহাট রোড,ম...","Aug 13, 2022",Flats For Sale,http://dhakaflats.com/details.php?id=92&search_id=16091,2023-04-07
"Sell 2nd Floor for Suparshop, Bank","Outside Dhaka, Rangpur","Tk.13,000.00","মেডিকেল পূর্বগেট,কমিউনিটি মেডিকেল কলেজ এর সংলগ্ন আকর্ষণীয় লোকেশনে বাণিজ্যিক স্পেস বিক্রয় হবে।
প্রকৃত ক্রেতারা অতিসত্বর যোগাযোগ করুন।
লোকেশনঃ বুড়ি...","Aug 13, 2022",Flats For Sale,http://dhakaflats.com/details.php?id=93&search_id=16091,2023-04-07
3rd Floor Sell For Restaurant,"Outside Dhaka, Rangpur","Tk.12,000.00","মেডিকেল পূর্বগেট,কমিউনিটি মেডিকেল কলেজ এর সংলগ্ন আকর্ষণীয় লোকেশনে বাণিজ্যিক স্পেস বিক্রয় হবে।
প্রকৃত ক্রেতারা অতিসত্বর যোগাযোগ করুন।
লোকেশনঃ বুড়ি...","Aug 13, 2022",Flats For Sale,http://dhakaflats.com/details.php?id=94&search_id=16091,2023-04-07
Flat sell-Unit B,Outside Dhaka,"Tk.4,500.00","Project Name: Mohona N.S Tower
Project Address: Burirhat Road,Medical East Gate,Rangpur
Land Area: 12.00 Decimel
Road: 54ft
Story: Basement + G...","Aug 13, 2022",Flats For Sale,http://dhakaflats.com/details.php?id=86&search_id=16091,2023-04-07
Flat sell-Unit C,"Outside Dhaka, Rangpur","Tk.4,500.00","Project Name: Mohona N.S Tower
Project Address: Burirhat Road,Medical East Gate,Rangpur
Land Area: 12.00 Decimal
Road: 54ft
Story: Basement + G...","Aug 13, 2022",Flats For Sale,http://dhakaflats.com/details.php?id=87&search_id=16091,2023-04-07
Flat sell-Unit D,"Outside Dhaka, Rangpur","Tk.4,500.00","Project Name: Mohona N.S Tower
Project Address: Burirhat Road,Medical East Gate,Rangpur
Land Area: 12.00 Decimel
Road: 54ft
Story: Basement + G...","Aug 13, 2022",Flats For Sale,http://dhakaflats.com/details.php?id=88&search_id=16091,2023-04-07
চমৎকার লোকেশনে Flat বিক্রয়,"Outside Dhaka, Rangpur","Tk.4,500.00","Project Name: Mohona Shapno Nuri
Project Address: 50/2, Ideal Mor, R.K Road, Rangpur
Land Area: 6.32 Decimel
Road: 150 ft
Special Feature: 3 si...","Aug 13, 2022",Flats For Sale,http://dhakaflats.com/details.php?id=89&search_id=16091,2023-04-07
চমৎকার লোকেশনে Flat বিক্রয়-unit B,"Outside Dhaka, Rangpur","Tk.4,500.00","Project Name: Mohona Shapno Nuri
Project Address: 50/2, Ideal Mor, R.K Road, Rangpur
Land Area: 6.32 Decimel
Road: 150 ft
Special Feature: 3 si...","Aug 13, 2022",Flats For Sale,http://dhakaflats.com/details.php?id=90&search_id=16091,2023-04-07
flat for sell as commercial/residential,"Dhaka, Uttara","Tk.33,000,000.00","north facing,on main road,besides lake,mosque.living area 3200 sq.ft.also with 1.702 katha land.one car parking.4 bed with 3 attach bath,5 toilet w...","Aug 13, 2022",Flats For Sale,http://dhakaflats.com/details.php?id=85&search_id=16091,2023-04-07
Almeer Ahsan Asif,"Dhaka, Ramna","Tk.28,000.00","3 bedroom, 1 dining room, 1 drawing room, attached bathroom, well lit, residential home","Aug 01, 2022",Flats for Rent,http://dhakaflats.com/details.php?id=83&search_id=16091,2023-04-07
ready flat for sell as commercial/residential,"Dhaka, Uttara","Tk.36,000,000.00","north facing,on main road,besides lake,mosque.living area 3200 sq.ft.also with 1.702 katha land.one car parking.4 bed with 3 attach bath,5 toilet w...","Aug 01, 2022",Flats For Sale,http://dhakaflats.com/details.php?id=84&search_id=16091,2023-04-07
1100sft 3Bed Kallyan Pur,"Dhaka, Kalyanpur","Tk.4,000.00","Kallyan Pur
1100sft 3Bed Kallyan Pur
3Bed,3Bath,Living,Dining,Kitchen,Veranda,Community Hall,Car Parking.
More Detail Please contact
soyeb
018...","Jul 27, 2022",Flats For Sale,http://dhakaflats.com/details.php?id=323&search_id=16091,2023-04-07
দক্ষিণ খানে (উত্তরা) মনোরম পরিবেশে ১৪৫০ বর্গফুটের ফ্ল্যাট ভাড়া হবে,"Dhaka, DakhinKhan","Tk.16,000.00","3 Bedrooms, 3 Bathrooms, 2 Balcony, Drawing room, Dining room, Kitchen, Own water system, Govt.Gas line, Electricity, Lift system, Car parking, Sec...","Jul 27, 2022",Flats for Rent,http://dhakaflats.com/details.php?id=319&search_id=16091,2023-04-07
Luxurious Used Flat will be sold in Shyamoli with the cheape,Dhaka,"Tk.7,500,000.00","Flat Description & Facilities:
1. Bedroom : 3
2. Bathroom: 3
3. Balcony: 2
4. Drawing + Dining: 1 (Big)
5. Kitchen: 1
6. Car Parking: 1
7. G...","Jul 27, 2022",Flats For Sale,http://dhakaflats.com/details.php?id=320&search_id=16091,2023-04-07
Luxurious Used Flat will be sold in Shyamoli with the cheapest price ever. Flat size 1264 sqft.,"Dhaka, Shyamoli","Tk.7,500,000.00","Flat Description & Facilities:
1. Bedroom : 3
2. Bathroom: 3
3. Balcony: 2
4. Drawing + Dining: 1 (Big)
5. Kitchen: 1
6. Car Parking: 1
7. G...","Jul 27, 2022",Flats For Sale,http://dhakaflats.com/details.php?id=321&search_id=16091,2023-04-07
Ready 1300sft 4Bed Khilgaon Block-B,"Dhaka, Khilgaon","Tk.5,800.00","Khilgaon, Block-B
Ready 1300sft 4Bed Khilgaon Block-B
4Bed, 4Bath,Living,Dining,Kitchen,Veranda,Community Hall,Car Parking,Roof Top Garden.
More...","Jul 27, 2022",Flats For Sale,http://dhakaflats.com/details.php?id=322&search_id=16091,2023-04-07
1000sft Ready apartment sell at Mohammadpur,"Dhaka, Mohammadpur","Tk.3,500.00","• 3 Bedrooms, 2 Bathrooms, Dining,Drawing, 
• 2 Varanda
•South faces
• Kitchen
• Generator
• 1 Lift
• Parking Facility
• 24 hrs Security.","Jul 26, 2022",Flats For Sale,http://dhakaflats.com/details.php?id=82&search_id=16091,2023-04-07
"Flat for Sale in the Heart of the City,VIP ROAD,SHANTINAGAR","Dhaka, NayaPaltan","Tk.7,000.00","It is in the heart of the City,VIP ROAD area.Very easily accessible to Motijheel,School,Hospital,Railway Station,Bus Station & other necessary need...","Jul 26, 2022",Flats For Sale,http://dhakaflats.com/details.php?id=192&search_id=16091,2023-04-07
1000 sft apartment sell at Mohammadpur,"Dhaka, Mohammadpur","Tk.3,200,000.00","• 3 Bedrooms, 2 Bathrooms, Dining,Drawing, 
• 2 Varanda
•South faces
• Kitchen
• Generator
• 1 Lift
• Parking Facility
• 24 hrs Security.
P...","Jul 26, 2022",Flats For Sale,http://dhakaflats.com/details.php?id=81&search_id=16091,2023-04-07
Flat,Dhaka,"Tk.15,000.00","Brand New Flat will be ready within next 6 month, Almost complete, Lake facing, 2350 sft with modern facilities  including swimming pool
Dead end ...","Jul 22, 2022",Flats For Sale,http://dhakaflats.com/details.php?id=80&search_id=16091,2023-04-07
flat to let for commercial,"Dhaka, Uttara","Tk.75,000.00","North facing.4 storied building,(2nd floor) will be vacant.4 bed with 3 attach bath,5 toilet with 2 bath tub,vast drawing,dinning,kitchen,seating ,...","Jul 22, 2022",Flats for Rent,http://dhakaflats.com/details.php?id=79&search_id=16091,2023-04-07
office rent,Dhaka,"Tk.60,000.00","Newly constructed 14 storied building in 59/C, Asad Avenue in 7 floor with all modern amenities.","Jul 21, 2022",Flats for Rent,http://dhakaflats.com/details.php?id=315&search_id=16091,2023-04-07
office rent,Dhaka,"Tk.60,000.00","Newly constructed 14 storied building in 59/C, Asad Avenue in 7 floor with all modern amenities.","Jul 21, 2022",Flats for Rent,http://dhakaflats.com/details.php?id=317&search_id=16091,2023-04-07
office rent,Dhaka,"Tk.60,000.00","Newly constructed 14 storied building in 59/C, Asad Avenue in 7 floor with all modern amenities.","Jul 21, 2022",Flats for Rent,http://dhakaflats.com/details.php?id=316&search_id=16091,2023-04-07
office rent,"Dhaka, Mohammadpur","Tk.60,000.00","1550 sq feet flat in 59/C, Asad Avenue, Mohammadpur, Dhaka 1207. The flat is situated in 7th floor, south facing with all modern amenities. It will...","Jul 16, 2022",Flats for Rent,http://dhakaflats.com/details.php?id=312&search_id=16091,2023-04-07
office rent,"Dhaka, Mohammadpur","Tk.60,000.00","1550 sq feet flat in 59/C, Asad Avenue, Mohammadpur, Dhaka 1207. The flat is situated in 7th floor, south facing with all modern amenities. It will...","Jul 16, 2022",Flats for Rent,http://dhakaflats.com/details.php?id=313&search_id=16091,2023-04-07
Sublet,"Dhaka, Mohammadpur","Tk.5,000.00",Including all 5500 taka,"Jul 16, 2022",Sublets,http://dhakaflats.com/details.php?id=306&search_id=16091,2023-04-07
office rent,"Dhaka, Mohammadpur","Tk.85,000.00","1550 sq ft flat with open space for office in level 2 of a 14 storied newly constructed building. Lift, generator, solar panel, water motor, securi...","Jul 16, 2022",Flats for Rent,http://dhakaflats.com/details.php?id=307&search_id=16091,2023-04-07
office rent,"Dhaka, Mohammadpur","Tk.60,000.00","1550 sq feet flat in 59/C, Asad Avenue, Mohammadpur, Dhaka 1207. The flat is situated in 7th floor, south facing with all modern amenities. It will...","Jul 16, 2022",Flats for Rent,http://dhakaflats.com/details.php?id=311&search_id=16091,2023-04-07
An Attractive Apartment For Rent in Uttara,"Dhaka, Uttara",,"An apartment in House Building, sector - 7, Uttara is ready for rent. It is situated on Sonargaon Janapath road just opposite Uttara Adhunik Medica...","Jul 16, 2022",Flats for Rent,http://dhakaflats.com/details.php?id=77&search_id=16091,2023-04-07
100% রেডি ফ্লাট রংপুর,"Outside Dhaka, Rangpur","Tk.4,500.00","যারা এখনই ফ্লাটে বসবাস করতে চান তাদের জন্য উপযোগী। ফুল ফার্নিশড, দৃষ্টিনন্দন নির্মানসামগ্রী দিয়ে তৈরী ১৪৫৮ বর্গফুটের একটি সম্পূর্ণ রেডি ফ্লাট। বেডর...","Jul 16, 2022",Flats For Sale,http://dhakaflats.com/details.php?id=78&search_id=16091,2023-04-07
Neeharika Dream,"Dhaka, Dhanmondi","Tk.5,000.00","Project name : Neeharika Dream
Project Location :340/6, West Dhanmondi (Jafrabad), Shankar,Dhanmondi,Dhaka
Project Status: Ongoing
➡ Apartment Size...","Jul 15, 2022",Flats For Sale,http://dhakaflats.com/details.php?id=326&search_id=16091,2023-04-07
বনশ্রী  এর এইচ পি পি এল  শেখ সিকদার টাওয়ার আকর্ষণীয় মূল্যে ফ্লাট বিক্রয় ও বুকিং চলছে,"Dhaka, Banasree","Tk.4,500.00",হাতিরঝিল থেকে মাত্র ১০ মিনিটের দূরত্বে ইস্টান হাউজিং প্রজেক্টর প্রাণকেন্দ্র নিরিবিলি ও মনোরোম পরিবেশে সম্পূর্ণ আবাসিক এলাকায় বনশ্রী  এর এইচ পি পি এ...,"Jul 15, 2022",Flats For Sale,http://dhakaflats.com/details.php?id=352&search_id=16091,2023-04-07
Ongoing residential apartments for sale at Mohammadpur,Dhaka,"Tk.5,500.00","The Project is under construction. Its 7 storied building . This project located at Monsurabad residential area, Adabor , Mohammadpur, Dhaka. Its f...","Jul 15, 2022",Flats For Sale,http://dhakaflats.com/details.php?id=327&search_id=16091,2023-04-07
Ready 1300sft 4Bed 75 Lac Khilgaon Block-B,"Dhaka, Khilgaon","Tk.7,500,000.00","Khilgaon, Block-B
4Bed, 4Bath,Living,Dining,Kitchen,Veranda, Community Hall,Prayer Room, Roof Top Garden, Car Parking
More Detail Please Contact
...","Jul 15, 2022",Flats For Sale,http://dhakaflats.com/details.php?id=330&search_id=16091,2023-04-07
আকর্ষণীয় মূল্যে ফ্ল্যাট বিক্রয় চলছে....,"Outside Dhaka, Rangpur","Tk.4,000.00","মোহনা স্ম্যাক টাওয়ার
৳ ৪,০০০ প্রতি স্কয়ার ফুট
ঠিকানা: হাজিপাড়া মোড়, আর.কে রোড , সদর , রংপুর ।
রাস্তা : ৭৫ ফিট, চারলেন (প্রস্তাবিত)
তলা : ৯ তলা বিশি...","Jul 15, 2022",Flats For Sale,http://dhakaflats.com/details.php?id=381&search_id=16091,2023-04-07
"Flat Rent at B Block, Mirpur-12",Dhaka,"Tk.20,000.00","Flat is at the 4th Floor, South Side, 3 Bed Rooms, 3 Toilets, Drawing cum Dinning, Kitchen, 1300 sft. Rent: Tk.20,000 (negotiable) per month and Se...","Jul 15, 2022",Flats for Rent,http://dhakaflats.com/details.php?id=394&search_id=16091,2023-04-07
আকর্ষণীয় মূল্যে ফ্ল্যাট বিক্রয় চলছে....,"Outside Dhaka, Rangpur","Tk.4,000.00","মোহনা ফ্রেন্ডস -২০ টাওয়ার
রংপুর শহরের প্রাণ কেন্দ্রে , মনোরম পরিবেশে ফ্ল্যাট / দোকান, খুঁজছেন !!
ঠিকানা : সেন্ট্রাল বাস টার্মিনাল বদরগঞ্জ রোড, সদর,...","Jul 15, 2022",Flats For Sale,http://dhakaflats.com/details.php?id=382&search_id=16091,2023-04-07
আকর্ষণীয় মূল্যে ফ্ল্যাট বিক্রয় চলছে....,"Outside Dhaka, Rangpur","Tk.4,000.00","মোহনা ফ্রেন্ডস -২০ টাওয়ার
রংপুর শহরের প্রাণ কেন্দ্রে , মনোরম পরিবেশে ফ্ল্যাট / দোকান, খুঁজছেন !!
ঠিকানা : সেন্ট্রাল বাস টার্মিনাল বদরগঞ্জ রোড, সদর,...","Jul 15, 2022",Flats For Sale,http://dhakaflats.com/details.php?id=383&search_id=16091,2023-04-07
Flat To Let,"Dhaka, Mirpur",,"1400 sqft Flat, 3 Bed, 3 Bath, Dining, Drawing, Lift, Gas, Security, 10th Floor

Address: 10-C, Banglakunjo, Johurabad 1st Colony, Tolarbag Residen...","Jul 15, 2022",Flats for Rent,http://dhakaflats.com/details.php?id=398&search_id=16091,2023-04-07
Flat To Let,"Dhaka, Mirpur",,"1500 sqft Flat, 4 bed, 4 bath, dining, drawing, Lift, Gas, Parking, 9th floor

Available from September'2021

Address: 9-B, Dakhinachal, Holding No...","Jul 15, 2022",Flats for Rent,http://dhakaflats.com/details.php?id=399&search_id=16091,2023-04-07
Flat for Rent,"Dhaka, Jatrabari","Tk.15,000.00","3 Bed Room, 2 Bath, Dining, Kitchen.","Jul 15, 2022",Flats for Rent,http://dhakaflats.com/details.php?id=396&search_id=16091,2023-04-07
Service Apartment Furnished,"Dhaka, Gulshan","Tk.75,000.00","3 bed room,4bat, leaving area,servant room, full wifi,tv cable, washing machine, full kitchen items,3rd floor, power backup, 24 hours security guar...","Jul 14, 2022",Flats for Rent,http://dhakaflats.com/details.php?id=75&search_id=16091,2023-04-07
flat to let for commercial,"Dhaka, Uttara","Tk.85,000.00","4 beds with 3 attach bath,5 toilets, vast drawing,dinning, kitchen,3 varanda,seating room,servant room.3500 sq.ft.north facing,it will be available...","Jul 14, 2022",Flats for Rent,http://dhakaflats.com/details.php?id=76&search_id=16091,2023-04-07
"3 bed, 3 Bath, Bachelor/ Family","Dhaka, Rajabazar","Tk.25,000.00","3 Bed, 3 Bath, 2 Varanda, Dinning Space,1 kitchen, 1 Store room and 1 pentry room. Family or Bachelor preferable. Full mozaic. uninterrupted gas an...","Jul 12, 2022",Flats for Rent,http://dhakaflats.com/details.php?id=308&search_id=16091,2023-04-07
1300 sqft for rent at reasonable price!,"Dhaka, Mirpur","Tk.19,000.00","All included except Electricity and gas bill.
The apartment has huge windows that provides a lot of light. Its on the top floor and front side of t...","Jul 12, 2022",Flats for Rent,http://dhakaflats.com/details.php?id=309&search_id=16091,2023-04-07
"House Rent from 1 September, 2020","Dhaka, Kalabagan","Tk.24,000.00","House Name: Pantha Nibash
Address: 158/1, Crescent Road, Green Road, Dhaka-1205 (Behind Green Life Hospital)
Floor: 4th floor
Available from: 1 Sep...","Jul 10, 2022",Flats for Rent,http://dhakaflats.com/details.php?id=305&search_id=16091,2023-04-07
3 bedroom 1500 sqft Apartment for Rent in Uttara(LONG TERM)[FAMILY PREFERRED],"Dhaka, Uttara","Tk.35,000.00","Fully furnished apartment for rent for FAMILY PREFERRED.
Location in Uttara Sector 10(Road 12, House 39, 3rd floor). 1500 sq ft. 3 bedrooms, 3 bath...","Jul 10, 2022",Flats for Rent,http://dhakaflats.com/details.php?id=301&search_id=16091,2023-04-07
Used flat,"Dhaka, Kalabagan","Tk.6,200,000.00","Used flat 850sf 2 bedroom . separate  drawing  and   dining .2 washroom. 1 belconi. kitchen 6th floor lift Acha, generator , intercom . Conference ...","Jul 08, 2022",Flats For Sale,http://dhakaflats.com/details.php?id=187&search_id=16091,2023-04-07
Flat for rent in a prime location at Mirpur-6,"Dhaka, Mirpur","Tk.26,500.00",Flat for rent in a prime location at Mirpur-6 from the 1st of July 2020.,"Jul 07, 2022",Flats for Rent,http://dhakaflats.com/details.php?id=302&search_id=16091,2023-04-07
"To Let Baridhara NatunBazar April,2022","Dhaka, Baridhara","Tk.16,000.00","To Let Baridhara NatunBazar April,2022

*Centrally located near the Baridhara, Bashundhara,Gulshan2, Banani, Gulshan1.
*Baridhara NatunBazar, Be...","Jul 02, 2022",Flats for Rent,http://dhakaflats.com/details.php?id=186&search_id=16091,2023-04-07
adsadad,"Dhaka, Badda",Tk.1.00,adad,"Jul 01, 2022",Agents & Services,http://dhakaflats.com/details.php?id=299&search_id=16091,2023-04-07
পান্থপথ স্কয়ার হসপিটাল এর বিপরীতে ২য় তালা ফ্লাট বিক্রি হবে Panthopath North dhanmondi,"Dhaka, Dhanmondi","Tk.8,500.00","পান্থপথ স্কয়ার হসপিটাল এর বিপরীতে লেকসার্কাস বালিকা বিদ্যালয় এর পূর্ব পাঁশে তেতুলতলা মাঠ সংলগ্ন নিকট একটি ফ্লাট বিক্রি হবে।  

প্রকল্পের পশ্চিমে র...","Jun 23, 2022",Flats For Sale,http://dhakaflats.com/details.php?id=183&search_id=16091,2023-04-07
Almost ready south facing flat with gas connection,"Dhaka, Basundhara","Tk.9,200,000.00","Very good location in I block. Just 1 plot away from corner plot. Gas, water electricity, lift, generator and all other standard features available...","Jun 23, 2022",Flats For Sale,http://dhakaflats.com/details.php?id=179&search_id=16091,2023-04-07
luxury appartment for sale,"Dhaka, Banani","Tk.1,250.00","banani chairman bari, road#3 ,a luxuries flat will be sale.under construction, handover next month. per Sq foot- 1250 , total square foot 2200, 3rd...","Jun 23, 2022",Flats For Sale,http://dhakaflats.com/details.php?id=182&search_id=16091,2023-04-07
1100-850sft 3Bed Flat Sale At Kallyan Pur,"Dhaka, Kalyanpur","Tk.4,200.00","Kallyan Pur
1100-850sft 3Bed Flat Sale At Kallyan Pur
3Bed, 3Bath,Living,Dining,Kitchen,Veranda,Community Hall, Roof Top Garden, Car Parking.
Mo...","Jun 22, 2022",Flats For Sale,http://dhakaflats.com/details.php?id=293&search_id=16091,2023-04-07
Ready Flat Sale At Khilgaon Block -B 1300sft,"Dhaka, Khilgaon","Tk.5,800.00","Khilgaon Block-B South Point School
Ready Flat Sale At Khilgaon Block -B 1300sft
3Bed, 4Bath,Living,Dining,Kitchen,Veranda,Community Hall, Roof T...","Jun 22, 2022",Flats For Sale,http://dhakaflats.com/details.php?id=294&search_id=16091,2023-04-07
2200sft Swimming Pul/Gym BBQ Bashundhara R/A,"Dhaka, Basundhara","Tk.9,500.00","Bashundhara R/A
4Bed,4Bath ,Living,Dining,Kitchen,Veranda,Community Hall, GYM, Prayer Room, Play Ground,Water Fauntane,BBQ Space,
More Detail Ple...","Jun 22, 2022",Flats For Sale,http://dhakaflats.com/details.php?id=295&search_id=16091,2023-04-07
Land Share Sell for Flat in East Rampura,"Dhaka, Rampura","Tk.3,700,000.00",পূর্ব রামপুর ফ্লাট টি অবস্থিত এবং বনশ্রী বি ব্লক আর রামপুরা বাজার থেকে পায়ে হেটে ৫ মিনিট এর পথ। ফ্ল্যাট টি G+7 ফ্লোর হবে প্রতিটা ফ্লর এ ৩ তা ইউনিট।...,"Jun 22, 2022",Flats For Sale,http://dhakaflats.com/details.php?id=296&search_id=16091,2023-04-07
rent for commercial,"Dhaka, Uttara","Tk.80,000.00","its a 4 storied building.3rd floor is mine. 3500Sq.Ft.with 1 car parking.north facing.4 bed,5 toilet .attach 3  toilet with 2 bath tubs.vast drawin...","Jun 19, 2022",Flats for Rent,http://dhakaflats.com/details.php?id=69&search_id=16091,2023-04-07
"A seat will be on rent from 1st July (Male, student)","Dhaka, Dhanmondi","Tk.3,375.00","At a suitable place in dhanmondi, a seat will be on rent from 1st july for male student. 
FAcilities:>All time water and gas supply, wifi, comfort...","Jun 14, 2022",Flats for Rent,http://dhakaflats.com/details.php?id=70&search_id=16091,2023-04-07
Rent at East Sheorapara,"Dhaka, Other Locations","Tk.17,000.00","Flats total 4 in number are for rent at East Sheorapara for 1100 or more sq ft area for 17000 taka. Students and families are welcome, computer sci...","Jun 12, 2022",Flats for Rent,http://dhakaflats.com/details.php?id=181&search_id=16091,2023-04-07
flat for sale,"Dhaka, Rupnagar","Tk.4,500,000.00","Dhaka Mirpur Rupnagar 

1000 SFT Flat  for salr","Jun 11, 2022",Flats For Sale,http://dhakaflats.com/details.php?id=66&search_id=16091,2023-04-07
Ready flat for sale @Mohammadpur,"Dhaka, Mohammadpur","Tk.4,500.00","মনোরম পরিবেশে মেইন রোড সংলগ্ন অবস্থিত এই এ্যাপার্টমেন্ট। 
শিয়ামসজিদ থেকে মাত্র ৫ মিনিটের হাটার পথ যা আপনার যোগাযোগ ব্যাবস্থাকে করবে আরো সুলভ। 
১০...","Jun 03, 2022",Flats For Sale,http://dhakaflats.com/details.php?id=65&search_id=16091,2023-04-07
"flat for commercial at Uttara Sector 3,Road 18,house 25,","Dhaka, Uttara","Tk.95,000.00","3500 sq.ft.4 storied building.2nd floor will be vacant.standing on the main road 18 directly connected with jasimuddin avenue.4 bed,5 toilet,3 vara...","Jun 01, 2022",Flats for Rent,http://dhakaflats.com/details.php?id=169&search_id=16091,2023-04-07
Urgent Flat sale,"Dhaka, Mirpur","Tk.5,200.00","Flat size-1400sft, Bed room-3Nos,Living and Dining room-1Nos,Kitchen-1Nos,Toilet-3Nos(1common),veranda-3Nos,Lift-2Nos","Jun 01, 2022",Flats For Sale,http://dhakaflats.com/details.php?id=171&search_id=16091,2023-04-07
Urgent Flat sale,"Dhaka, Mirpur","Tk.5,200.00","Flat size-1400sft, Bed room-3Nos,Living and Dining room-1Nos,Kitchen-1Nos,Toilet-3Nos(1common),veranda-3Nos,Lift-2Nos","Jun 01, 2022",Flats For Sale,http://dhakaflats.com/details.php?id=177&search_id=16091,2023-04-07
Flat For Sale,"Dhaka, Mohammadpur","Tk.3,000,000.00","Dhaka , মোহাম্মদপুর , ব্লক - সি , তাজমহল রোড এ   ৬৫০ বর্গফুটের ফ্লাট বিক্রি হবে। ফ্ল্যাটটি ৫ তালার সামনে দিকে অবস্থিত । 
২ বেডরুম
২ বাথরুম 
১ বারান...","May 30, 2022",Flats For Sale,http://dhakaflats.com/details.php?id=393&search_id=16091,2023-04-07
5500 sft Luxurious Fla tsell @North Gulshan,"Dhaka, Gulshan","Tk.24,000.00","luxurious Flat sell at prime location of North gulshan, there is swimming pool, Gym,Convention hall, spa,reception room,playground, gerdeen all fac...","May 29, 2022",Flats For Sale,http://dhakaflats.com/details.php?id=56&search_id=16091,2023-04-07
I want a flat for office,Dhaka,"Tk.1,200.00","I want a flat for office , monthly rent upto 12000 tk, ground floor is good","May 29, 2022",Flats for Rent,http://dhakaflats.com/details.php?id=57&search_id=16091,2023-04-07
"1600 Sqft 3 Bedroom Apartment For Sale In Sector 11,Uttara","Dhaka, Uttara","Tk.8,800,000.00","A 1580 sqft semi well furnished decorated new apartment is available for sale at sector 11 uttara on 5 katha land, constructed by nagar homes limit...","May 29, 2022",Flats For Sale,http://dhakaflats.com/details.php?id=58&search_id=16091,2023-04-07
esrew,"Dhaka, Azimpur","Tk.3,000,000.00",rewr,"May 28, 2022",Flats For Sale,http://dhakaflats.com/details.php?id=55&search_id=16091,2023-04-07
"Exclusive apartment @ Mirpur 1332 sqft, 3 Beds Apartment/Flats for Sale","Dhaka, Mirpur","Tk.5,500.00","Alo Kunjo
Exclusive apartment @ Mirpur
Project information 
Project name : Alo Kunjo 
Project address :Plot-5 & 6, Road-36, Mirpur, Dhaka
Type of b...","May 28, 2022",Flats For Sale,http://dhakaflats.com/details.php?id=168&search_id=16091,2023-04-07
3 Bedroom Apartment in cetral Point,"Dhaka, Mirpur","Tk.22,000.00","This 3 bedroom apartment comes with 3 bathroom, 2 varanda and massive kitchen and spacious drawing - dining environment. Just surrounded by Hermann...","May 25, 2022",Flats for Rent,http://dhakaflats.com/details.php?id=54&search_id=16091,2023-04-07
Rent for office space !,"Dhaka, Mirpur","Tk.30,000.00","Address - Near of Mirpur 10 no circle, section-6, block-ka, road -2, house -35, 6th floor, Mirpur, dhaka.
Flat details - 1200sqft. Near of SA tower...","May 23, 2022",Flats for Rent,http://dhakaflats.com/details.php?id=167&search_id=16091,2023-04-07
"1885sft to 2025sft sqft, 3 Beds Ready Apartment for Sale at Narayangonj.","Outside Dhaka, Narayanganj","Tk.6,800.00","Brief of the Project: On the outskirts of the capital Dhaka, near the Dhaka-Narayanganj Link Road, the ground floor area is surrounded by a complet...","May 21, 2022",Flats For Sale,http://dhakaflats.com/details.php?id=390&search_id=16091,2023-04-07
"1510-3645sft semi Ready Apartment sale on Bashundhara R/A, Block-E.","Dhaka, Basundhara","Tk.11,800.00","At Bashundhara, Rupayan Lake Castle is almost ready to move property where you just come with your backpack and start living a premium lifestyle wi...","May 21, 2022",Flats For Sale,http://dhakaflats.com/details.php?id=391&search_id=16091,2023-04-07
Looking for the most favorable flat in Mohammadpur Japan Garden City ?,"Dhaka, Mohammadpur","Tk.35,000.00","Looking for the most favorable flat in Mohammadpur?
This wonderful flat at Mohammadpur Japan Garden City Dhaka 1207 covers an area of is situated i...","May 19, 2022",Flats for Rent,http://dhakaflats.com/details.php?id=389&search_id=16091,2023-04-07
Office space / residential flat for sale/ rent,"Dhaka, Ramna","Tk.12,000.00","1. 8000 sft./1000 sft office/residence space for sale/rent in Segun Bagicha, dhaka

2. 18 decimal of land in Bijoynagar for commercial building f...","May 18, 2022",Flats for Rent,http://dhakaflats.com/details.php?id=53&search_id=16091,2023-04-07
3000 sft Used Flat,"Dhaka, Banani","Tk.14,000.00",Flat sell at North banani prime location. Road no 23. Flat is 4 bed. Building 8storied. Parking 2. Corner plot. Only interested buyer can call for ...,"May 17, 2022",Flats For Sale,http://dhakaflats.com/details.php?id=52&search_id=16091,2023-04-07
samad mansion flat for sale,"Dhaka, Uttara","Tk.10,910.00","3208 sq.ft.with 1 car parking.with 1.702 katha out of 6 katha 13 chatak. 4 storied building.3rd floor is mine.4 bed with attatch bath,5 toilet,vast...","May 17, 2022",Flats For Sale,http://dhakaflats.com/details.php?id=49&search_id=16091,2023-04-07
2000 sft Ready Flat sell,"Dhaka, Gulshan",Tk.110.00,Ready luxurious BTI made flat at gulshan road no 34. Six storied building with south facing. Only intereated buyee pls call for details at 01732842932,"May 17, 2022",Flats For Sale,http://dhakaflats.com/details.php?id=50&search_id=16091,2023-04-07
5000 sft TEADY Flat North gulshan,"Dhaka, Gulshan","Tk.900,000.00",A Ready flat sell at North gulshan near Gulshan club. Full furnisher. Bed rooms 5. Bath 4. Fully marbels. 5th floor. Only interested buyer ols call...,"May 17, 2022",Flats For Sale,http://dhakaflats.com/details.php?id=51&search_id=16091,2023-04-07
samad mansion,"Dhaka, Uttara","Tk.10,910.00","this is our permanent house.4 storied building.3rd floor is mine.3208 sq.ft.4 bed with 3 attach bath,5 toilet,vast drawing room,dining,kitchen,serv...","May 15, 2022",Flats For Sale,http://dhakaflats.com/details.php?id=48&search_id=16091,2023-04-07
flat to let,"Dhaka, Uttara","Tk.85,000.00","3500sq.ft north facing. 4 storied building.3rd  floor will be vacant from june 1st.4 bed with3 attatch bath.5 toilet,vast drawing,dinning,kitchen,s...","May 15, 2022",Flats for Rent,http://dhakaflats.com/details.php?id=47&search_id=16091,2023-04-07
Full Furnished Luxurious Apartment for Rent,"Dhaka, Gulshan","Tk.200,000.00","Fully Furnished Apartment & Luxurious Fittings. Very high Building Security. All time 3 elevator & generator service.
Total Apartment 2780 sft.","May 14, 2022",Flats for Rent,http://dhakaflats.com/details.php?id=166&search_id=16091,2023-04-07
"840 sqft, Ready Office Space for Sale at Green Road","Dhaka, Dhanmondi","Tk.8,400,000.00","Concept Tower, 5th Floor Office Suite - I, 68, 68/1, 69, Green Road

Car Parking

Tenant with monthly rent of 22,000

Monthly Service charge ...","May 07, 2022",Flats For Sale,http://dhakaflats.com/details.php?id=45&search_id=16091,2023-04-07
825sft Apartment sell at Bashundhara.,"Dhaka, Basundhara","Tk.5,800.00","Project Address: Plot no-325,Road-5,Block-K,Bashundhara,Dhaka.
10 Storied Building (G+9)
4 Unit Each Floor
2 bed, 2 bath, 3 Balcony, Drawing, Di...","May 07, 2022",Flats For Sale,http://dhakaflats.com/details.php?id=161&search_id=16091,2023-04-07
1320 SFT Flat at Queen’s Garden Homes,"Dhaka, Ramna","Tk.8,000,000.00",Ised flat at Queen’s Garden Homes fosale,"May 06, 2022",Flats For Sale,http://dhakaflats.com/details.php?id=158&search_id=16091,2023-04-07
Spacious 3 bedrooms for rent,"Dhaka, UttarKhan","Tk.16,000.00","Spacious 3 bedrooms, 3 bathrooms, 2 balconies, South side open, 1st floor, newly built apartment available for rent in Army Society, Uttor Khan, Dhaka","May 06, 2022",Flats for Rent,http://dhakaflats.com/details.php?id=159&search_id=16091,2023-04-07
Urgent Ready Flat for Sale,"Dhaka, Basundhara","Tk.6,000.00","Plot- 622, Road - 07, Block- G, Bashundhara R/A.

Project Status: Ongoing
Handover: May/June 2019
Land Area: 03 Katha,
Storied: G+9 Storied
Flat Si...","May 05, 2022",Flats For Sale,http://dhakaflats.com/details.php?id=160&search_id=16091,2023-04-07
"1300 sqft, 3 Bed room Ready Flat for Sale at Banasree","Dhaka, Banasree","Tk.4,600.00","Company Name: Hyperion Design & Development Ltd
Project Name: Prime Rose
Project Address : Plot-221, 222 & 223, Bhuiyapara,,Banasree,Dhaka-1216.
...","May 03, 2022",Flats For Sale,http://dhakaflats.com/details.php?id=33&search_id=16091,2023-04-07
"1425 sqft, 3 Beds Ready Apartment/Flats for Sale at Pallabi.","Dhaka, Mirpur","Tk.6,500.00","Company Name: Hyperion Design & Development Ltd
Office Address: House # 2, Road # 4, Block # A, Mirpur-10, Dhaka-1216
Project Name: OPORAJITA
PR...","May 03, 2022",Flats For Sale,http://dhakaflats.com/details.php?id=30&search_id=16091,2023-04-07
"1425 sqft, 3 Beds ReadyFlat for Sale at Mirpur Pallabi with gas connection.","Dhaka, Mirpur","Tk.6,300.00","Company Name: Hyperion Design & Development Ltd
Office Address: House # 2, Road # 4, Block # A, Mirpur-10, Dhaka-1216
Project Name: Hyperion Hasn...","May 03, 2022",Flats For Sale,http://dhakaflats.com/details.php?id=31&search_id=16091,2023-04-07
"1600 sqft, 3 Beds Ready Apartment/Flat for Sale at Mirpur 2","Dhaka, Mirpur","Tk.5,500.00","Company Name: Hyperion Design & Development Ltd
Office Address: House # 2, Road # 4, Block # A, Mirpur-10, Dhaka-1216
Project Name : Hyperion Tul...","May 03, 2022",Flats For Sale,http://dhakaflats.com/details.php?id=32&search_id=16091,2023-04-07
"1200 sqft, 3 Beds Under Construction Apartment/Flats for Sale at Mirpur 10","Dhaka, Mirpur","Tk.5,500.00","Company Name: Hyperion Design & Development Ltd 
Office Address: House # 2, Road # 4, Block # A, Mirpur-10, Dhaka-1216
Project Name: Spring Field...","May 03, 2022",Flats For Sale,http://dhakaflats.com/details.php?id=29&search_id=16091,2023-04-07
700 sft Ready Flat for sale at Mohammadpur,"Dhaka, Mohammadpur","Tk.4,000,000.00","• 3rd Floor, 700 Sq Ft
⁠• 2 Bedrooms
⁠• 2 Toilets
⁠• 1 Baranda
⁠• Kitchen
⁠• Drawing+Daining
⁠• Utility(Gas/Water/ Electricity)
⁠• No lift, Back Si...","May 02, 2022",Flats For Sale,http://dhakaflats.com/details.php?id=386&search_id=16091,2023-04-07
Seat Rent only for Girls/Women,"Dhaka, Maghbazar","Tk.3,500.00","You want a quite natural homely environment ! Then must welcome this flat because here you you are getting a place free from traffic noise, great s...","May 01, 2022",Flats for Rent,http://dhakaflats.com/details.php?id=15&search_id=16091,2023-04-07
Apartment sale,"Dhaka, Mirpur","Tk.5,500,000.00","09-storied apartment building is situated on the land, named “Circle Sharmila”.

Present holding # 67/1, Jonaki Road, Paikpara,Mirpur, Dhaka. Und...","May 01, 2022",Flats For Sale,http://dhakaflats.com/details.php?id=28&search_id=16091,2023-04-07
পান্থপথ স্কয়ার হসপিটাল এর বিপরীতে ২য় তালা ফ্লাট বিক্রি হবে,"Dhaka, Dhanmondi","Tk.8,700.00","পান্থপথ স্কয়ার হসপিটাল এর বিপরীতে লেকসার্কাস বালিকা বিদ্যালয় এর পূর্ব পাঁশে তেতুলতলা মাঠ সংলগ্ন নিকট একটি ফ্লাট বিক্রি হবে।  
প্রকল্পের পশ্চিমে রয়...","Apr 30, 2022",Flats For Sale,http://dhakaflats.com/details.php?id=157&search_id=16091,2023-04-07
Furnished Apartment,"Dhaka, Baridhara",Tk.800.00,"3 bed room,4 bath,leaving area, full wifi,tv cable,washing machine, 3rd floor.1 car parking, full power backup, servant room,","Apr 29, 2022",Flats for Rent,http://dhakaflats.com/details.php?id=24&search_id=16091,2023-04-07
"1450 SF FLAT(3F) FOR RENT - 5 ROOM, 3 BATH,3 BALCONY,1 KITCHEN,1 DINING","Dhaka, Khilgaon","Tk.18,000.00","1450 SF FLAT FOR RENT. 3RD FLOOR SINGLE UNIT FLAT, 5 ROOM, 3 BATH,3 BALCONY,1 KITCHEN,1 DINING, MOSAIC FLOOR. 
RENT 18000 + ELECTRIC BILL + WATER B...","Apr 28, 2022",Flats for Rent,http://dhakaflats.com/details.php?id=156&search_id=16091,2023-04-07
1500 sqft flat 4 bedroom for family/ bachelor at bashundhara r/a,"Dhaka, Basundhara","Tk.27,000.00","27000 rent + gas+ current + water

4 bedroom 4 toilet 3 balcony dining drawing","Apr 27, 2022",Flats for Rent,http://dhakaflats.com/details.php?id=2&search_id=16091,2023-04-07
3 Bedroom Flat To-Let,"Dhaka, Khilgaon","Tk.17,000.00","This is a Brand new 3 bed room flat in Bhuiyan para Dhaka (VERY CLOSE TO BANASREE PROJECT) with 3 toilets, 2 varanda, drawing come dining (quite sp...","Apr 26, 2022",Flats for Rent,http://dhakaflats.com/details.php?id=10&search_id=16091,2023-04-07
TO-LET FOR OFFICE,"Dhaka, Jatrabari","Tk.18,000.00","500 sq.ft . GROUND FLOOR. Near JATRABARI CHOWRASTA . 3 rooms , 1 Toilet . 1 kitchen with Gas . C cam . 
01923339397","Apr 26, 2022",Flats for Rent,http://dhakaflats.com/details.php?id=44&search_id=16091,2023-04-07
Office For Rent,"Dhaka, Cantonment","Tk.22,000.00","office space for rent in baganbari dhaka cantonment near mirpur  flyover.
location: 161/10,baganbari,dhaka cantonment,dhaka 1206
Area:
550-600 s...","Apr 25, 2022",Flats for Rent,http://dhakaflats.com/details.php?id=37&search_id=16091,2023-04-07
1600 and 1200 sft apartment sell at Uttara Sector 10,"Dhaka, Uttara","Tk.6,500.00","Project Address: Plot- 3 & 5, Road-02, Borobagh, Mirpur-2, Dhaka-1216 
1. Building Height: 10 Storied Residential Building. 
2. Apartments Type: ...","Apr 23, 2022",Flats For Sale,http://dhakaflats.com/details.php?id=154&search_id=16091,2023-04-07
Dhaka Mirpur 10 (3 BEDROOM FOR RENT),"Dhaka, Mirpur","Tk.17,000.00","3 Bedroom 3 bathroom to let in dhaka mirpur good rent; great building; close to all

PLEASE CALL TO SEE NOW:

অ্যাপার্টমেন্ট দেখতে যোগাযোগ করুন...","Apr 23, 2022",Flats for Rent,http://dhakaflats.com/details.php?id=138&search_id=16091,2023-04-07
Rent FLAT HOUSE - At Merul badda near Brac University,"Dhaka, Badda","Tk.20,000.00","Rent FLAT HOUSE - At Merul badda near Brac University
Description
1s@ t Marce -2019 (3 bed, dining, draw,@ kachin.3 bathroom,@4 veranda,@ the new f...","Apr 23, 2022",Flats for Rent,http://dhakaflats.com/details.php?id=139&search_id=16091,2023-04-07
"All most Ready Flat for sale @Basundhara R/A, I- block","Dhaka, Basundhara","Tk.10,000,000.00","1st floor ~1500 SFT

Ongoing(90%) Multi Storied building to be completed within 2 months at Basundhara R/A, Block I.

Parking available.

Til...","Apr 20, 2022",Flats For Sale,http://dhakaflats.com/details.php?id=409&search_id=16091,2023-04-07
Flat Rent at Gulshan-2,"Dhaka, Gulshan","Tk.60,000.00",Flat rent at gulshan-2,"Apr 20, 2022",Flats for Rent,http://dhakaflats.com/details.php?id=14&search_id=16091,2023-04-07
Flat/Office Rent In Indira Road,"Dhaka, Farmgate","Tk.20,000.00","Address: The flat located at 66/M, Pashchim Rajabazar, Indira Road (Noakhali Goli), Sher E Bangla Nagar, Dhaka-1215.

The apartment is in the gro...","Apr 18, 2022",Flats for Rent,http://dhakaflats.com/details.php?id=20&search_id=16091,2023-04-07
Flat Rent In Indira Road,"Dhaka, Rajabazar","Tk.20,000.00","Address: The flat located at 66/M, Pashchim Rajabazar, Indira Road (Noakhali Goli), Sher E Bangla Nagar, Dhaka-1215.

The apartment is in the 5th...","Apr 18, 2022",Flats for Rent,http://dhakaflats.com/details.php?id=19&search_id=16091,2023-04-07
To-Let Ready Flat,"Dhaka, Kafrul","Tk.15,000.00","3-Bed, 3-Bath, Drawing, Dinning, Kitchen, 2-Veranda, 2-Lift, Garage, Security Guard

Flat-A5, House-159/17/A/5, Ananda Kutir, Surgent Jora Buildi...","Apr 17, 2022",Flats for Rent,http://dhakaflats.com/details.php?id=22&search_id=16091,2023-04-07
Flat Rent in Shyamoli,"Dhaka, Shyamoli",,"# 2 Bedrooms
# 2 Bathrooms
# Dining, Drwaing
# Generator 

Address: Shyamoli

Contact: 025 815 7680, 0168 00 74 769, 01855434569","Apr 15, 2022",Flats for Rent,http://dhakaflats.com/details.php?id=9&search_id=16091,2023-04-07
"MODERN APARTMENT FOR SALE @ BANANI, Dhaka","Dhaka, Banani",,"Aesthetically stunning modern apartment in Banani. The flat was constructed in late 2017. Fantastic location near all amenities, A brand new, well ...","Apr 15, 2022",Flats For Sale,http://dhakaflats.com/details.php?id=21&search_id=16091,2023-04-07
Furnished Apartment,"Dhaka, Basundhara","Tk.25,000.00","It's very quite area in Bashundhara RA. In 10 minutes walking distance we have Market, School, College, Mosque, Hospital and children Park.
The Ba...","Apr 12, 2022",Flats for Rent,http://dhakaflats.com/details.php?id=18&search_id=16091,2023-04-07
Dream Homes@Savar DOHS,"Dhaka, Savar","Tk.5,200.00","It's a G+ 8 luxurious apartment building with all modern amenities including lift, generator, intercom, CCTV, guards ,reception, fire fighting equi...","Apr 11, 2022",Flats For Sale,http://dhakaflats.com/details.php?id=263&search_id=16091,2023-04-07
3 bedroom 1500 sqft Apartment for Rent in Uttara(LONG TERM)[FAMILY PREFERRED],"Dhaka, Uttara","Tk.35,000.00","Fully furnished apartment for rent for FAMILY PREFERRED.
Location in Uttara Sector 10(Road 12, House 39, 3rd floor). 1500 sq ft. 3 bedrooms, 3 bath...","Apr 11, 2022",Flats for Rent,http://dhakaflats.com/details.php?id=251&search_id=16091,2023-04-07
3800.par sqft,"Dhaka, Dhanmondi","Tk.3,800,000.00","1050SFT Almost 

call now for more info - 01826656678

Address: mhodmodpur  bochila west dhanmondi howjing 
Dhaka 1207 
Building-8.9 storied
...","Apr 11, 2022",Flats For Sale,http://dhakaflats.com/details.php?id=36&search_id=16091,2023-04-07
Flat Rent in Shyamoli,"Dhaka, Shyamoli",,"# 2 Bedrooms
# 2 Bathrooms
# Dining, Drwaing
# Generator 

Address: Shyamoli

Contact: 0258157680, 01680074769, 01855434569","Apr 09, 2022",Flats for Rent,http://dhakaflats.com/details.php?id=8&search_id=16091,2023-04-07
"Flat For Sale In Azimpur, Dhaka (1543 Sq ft)","Dhaka, Azimpur","Tk.12,500,000.00","Project Name: Vikrampur Villa
---------------------------------------------
Floor: 9 Storied Building (G + 8). 
Project Status: Ongoing.
Unit: ...","Apr 09, 2022",Flats For Sale,http://dhakaflats.com/details.php?id=13&search_id=16091,2023-04-07
